{
    "AP": 0.1004953269584332,
    "R@10": 0.12721927341303668,
    "P@10": 0.11014014839241439,
    "RR": 0.34767001047531276
}