{
    "RR": 2.794011245370066e-06,
    "P@10": 0.0,
    "AP": 2.622500133081125e-05,
    "R@10": 0.0,
    "nDCG@10": 0.0
}