{
    "P@10": 0.0979591836734694,
    "R@10": 0.07200500515182222,
    "AP": 0.06906708925812208,
    "RR": 0.2175626326202989
}