{
    "R@10": 0.12724202792389105,
    "RR": 0.3204721484368215,
    "P@10": 0.1693877551020408,
    "AP": 0.11248165312659349,
    "nDCG@10": 0.16840398233869938
}
