{
    "nDCG@10": 1.2614274041738915,
    "AP": 4.294505531108994e-05,
    "R@10": 9.635871136283337e-05,
    "RR": 0.0004534212695795549,
    "P@10": 0.00041220115416323167
}