{
    "RR": 0.00041220115416323167,
    "nDCG@10": 6.093537655933378e-05,
    "P@10": 4.122011541632317e-05,
    "R@10": 5.8885879166175945e-05,
    "AP": 5.8885879166175945e-05
}