{
    "R@10": 0.08839236375410989,
    "P@10": 0.15918367346938775,
    "RR": 0.3421224090052557,
    "AP": 0.10964585254903046
}