{
    "P@10": 0.0815746084089026,
    "AP": 0.07455759870758859,
    "RR": 0.26246370126259017,
    "R@10": 0.09652600699825437
}