{
    "P@10": 0.11014014839241439,
    "R@10": 0.12721927341303668,
    "RR": 0.34767001047531276,
    "AP": 0.1004953269584332,
    "execution_time_sec": 5276.98
}