{
    "P@10": 0.3,
    "RR": 1.0,
    "AP": 0.2380952380952381,
    "R@10": 0.2727272727272727,
    "execution_time_sec": 114.65
}