{
    "AP": 0.26803161392421226,
    "R@10": 0.2929292929292929,
    "P@10": 0.3333333333333333,
    "RR": 0.4487734487734487
}