{
    "P@10": 0.6,
    "RR": 1.0,
    "AP": 0.5806920748097217,
    "R@10": 0.5454545454545454,
    "execution_time_sec": 89.37
}